epoch,train_loss,train_acc,val_loss,val_acc,lr
1,0.5701935986677805,0.6746987951807228,0.6239621341228485,0.9047619047619048,0.001
2,0.4152709171175957,0.9036144578313253,0.4954138696193695,0.8571428571428571,0.001
3,0.19771836201349893,0.9036144578313253,0.3848908096551895,1.0,0.001
4,0.1707547570889195,0.927710843373494,0.24077016860246658,1.0,0.001
5,0.14724851151307425,0.9518072289156626,0.1620267629623413,1.0,0.001
6,0.14000720965365568,0.927710843373494,0.13033340498805046,1.0,0.001
7,0.11625793157145381,0.9518072289156626,0.10853011906147003,1.0,0.001
8,0.09214599803090096,0.963855421686747,0.09563510119915009,1.0,0.001
9,0.11169713952889045,0.9759036144578314,0.05710486136376858,1.0,0.001
10,0.21849629220863184,0.9397590361445783,0.028791327960789204,1.0,0.001
11,0.0802783432106177,0.9879518072289156,0.05571384355425835,1.0,0.001
12,0.10428707274453093,0.963855421686747,0.0917060561478138,0.9523809523809523,0.001
13,0.12893309320012727,0.9759036144578314,0.05091664008796215,1.0,0.001
14,0.18383549867818752,0.963855421686747,0.0308206370100379,1.0,0.0005
15,0.09615568878750007,0.9518072289156626,0.08760182186961174,1.0,0.0005
16,0.1207561877866586,0.9518072289156626,0.04056323878467083,1.0,0.0005
